Workbook
Name Slicer_Department: #N/A
Name Slicer_Joining_Month: #N/A
Name Slicer_Location: #N/A

Sheet Dashboard
G8: =Findings!H8&" "

Sheet Findings
F1: Key Insights | G1: Value
A2: Attration by Department | F2: Average Attration across all departments | G2: =GETPIVOTDATA("Attration Flag",$I$29) -> 0.506
A3: Row Labels | B3: Sum of Attration Flag | F3: highest attrition | G3: =MAX(GETPIVOTDATA("Attration Flag",$I$29,"Department","Finance"),GETPIVOTDATA("Attration Flag",$I$29,"Department","HR"),GETPIVOTDATA("Attration Flag",$I$29,"Department","IT"),GETPIVOTDATA("Attration Flag",$I$29,"Department","Operations"),GETPIVOTDATA("Attration Flag",$I$29,"Department","Sales")) -> 0.55555556
A4: Finance | B4: 45 | F4: highest attrition month | G4: =VLOOKUP(MAX(GETPIVOTDATA("Attration Flag",$A$24,"Joining Month","Jan"),GETPIVOTDATA("Attration Flag",$A$24,"Joining Month","Feb"),GETPIVOTDATA("Attration Flag",$A$24,"Joining Month","Mar"),GETPIVOTDATA("Attration Flag",$A$24,"Joining Month","Apr"),GETPIVOTDATA("Attration Flag",$A$24,"Joining Month","May"),GETPIVOTDATA("Attration Flag",$A$24,"Joining Month","Jun"),GETPIVOTDATA("Attration Flag",$A$24,"Joining Month","Jul"),GETPIVOTDATA("Attration Flag",$A$24,"Joining Month","Aug"),GETPIVOTDATA("Attration Flag",$A$24,"Joining Month","Sep"),GETPIVOTDATA("Attration Flag",$A$24,"Joining Month","Oct"),GETPIVOTDATA("Attration Flag",$A$24,"Joining Month","Nov"),GETPIVOTDATA("Attration Flag",$A$24,"Joining Month","Dec")),CHOOSE({1,2},B25:B36,A25:A36),2,0) -> Jun
A5: HR | B5: 64 | F5: Attration Contribution by performance | G5: =VLOOKUP(MAX(B63:B64),CHOOSE({1,2},B63:B64,A63:A64),2,0) -> Low
A6: IT | B6: 56 | F6: Total Employees | G6: =GETPIVOTDATA("Employee_ID",$A$74) -> 500
A7: Operations | B7: 41 | F7: Currently Working | G7: =GETPIVOTDATA("Working",$A$15) -> 247
A8: Sales | B8: 47 | F8: Attration % | G8: =GETPIVOTDATA("Attration Flag",$I$29) -> 0.506
A9: Grand Total | B9: 253 | F9: Average Salary | G9: =GETPIVOTDATA("Salary",$A$77) -> 712289.96
F10: Average Attendance | G10: =GETPIVOTDATA("Attendance_%",$F$13) -> 87.303
F11: Highest Attration dept | G11: =VLOOKUP(MAX(GETPIVOTDATA("Attration Flag",$I$29,"Department","Finance"),GETPIVOTDATA("Attration Flag",$I$29,"Department","HR"),GETPIVOTDATA("Attration Flag",$I$29,"Department","IT"),GETPIVOTDATA("Attration Flag",$I$29,"Department","Operations"),GETPIVOTDATA("Attration Flag",$I$29,"Department","Sales")),CHOOSE({1,2},J30:J34,I30:I34),2,0) -> Finance
F13: Row Labels | G13: Average of Attendance_%
A14: Headcount by Department | F14: Finance | G14: 87.745679
A15: Row Labels | B15: Currently Working | F15: HR | G15: 87.5576
A16: Finance | B16: 36 | F16: IT | G16: 87.280734
A17: HR | B17: 61 | F17: Operations | G17: 86.674194
A18: IT | B18: 53 | F18: Sales | G18: 87.229348
A19: Operations | B19: 52 | F19: Grand Total | G19: 87.303
A20: Sales | B20: 45
A21: Grand Total | B21: 247 | F21: Attration % by Department
F22: Department | G22: Attration | H22: Total Employees by dept | I22: Attreation %
A23: Count of Monthly Resignation | F23: Finance | G23: =SUMIFS(Table1_1[Attration Flag],Table1_1[Department],Findings!$F23) -> 45 | H23: =COUNTIFS(Table1_1[Department],Findings!$F23) -> 81 | I23: =(G23/H23) -> 0.55555556
A24: Row Labels | B24: Candidates Resigned | F24: HR | G24: =SUMIFS(Table1_1[Attration Flag],Table1_1[Department],Findings!$F24) -> 64 | H24: =COUNTIFS(Table1_1[Department],Findings!$F24) -> 125 | I24: =(G24/H24) -> 0.512
A25: Jan | B25: 19 | F25: IT | G25: =SUMIFS(Table1_1[Attration Flag],Table1_1[Department],Findings!$F25) -> 56 | H25: =COUNTIFS(Table1_1[Department],Findings!$F25) -> 109 | I25: =(G25/H25) -> 0.51376147
A26: Feb | B26: 18 | F26: Operations | G26: =SUMIFS(Table1_1[Attration Flag],Table1_1[Department],Findings!$F26) -> 41 | H26: =COUNTIFS(Table1_1[Department],Findings!$F26) -> 93 | I26: =(G26/H26) -> 0.44086022
A27: Mar | B27: 25 | F27: Sales | G27: =SUMIFS(Table1_1[Attration Flag],Table1_1[Department],Findings!$F27) -> 47 | H27: =COUNTIFS(Table1_1[Department],Findings!$F27) -> 92 | I27: =(G27/H27) -> 0.51086957
A28: Apr | B28: 19
A29: May | B29: 24 | F29: Finance | G29: =VLOOKUP(F29,A3:B9,2,0) -> 45 | I29: Row Labels | J29: Average of Attration Flag
A30: Jun | B30: 28 | F30: HR | G30: =VLOOKUP(F30,A4:B12,2,0) -> 64 | I30: Finance | J30: 0.55555556
A31: Jul | B31: 23 | F31: IT | G31: =VLOOKUP(F31,A5:B13,2,0) -> 56 | I31: HR | J31: 0.512
A32: Aug | B32: 15 | F32: Operations | G32: =VLOOKUP(F32,A6:B14,2,0) -> 41 | I32: IT | J32: 0.51376147
A33: Sep | B33: 21 | F33: Sales | G33: =VLOOKUP(F33,A7:B15,2,0) -> 47 | I33: Operations | J33: 0.44086022
A34: Oct | B34: 18 | I34: Sales | J34: 0.51086957
A35: Nov | B35: 21 | F35: Row Labels | I35: Grand Total | J35: 0.506
A36: Dec | B36: 22 | F36: Finance
A37: Grand Total | B37: 253 | F37: HR
F38: IT
A39: Active Employees by Joining Month | F39: Operations
A40: Row Labels | B40: Joined | C40: Resigned | F40: Sales
A41: Jan | B41: 16 | C41: 19 | F41: Grand Total
A42: Feb | B42: 21 | C42: 18
A43: Mar | B43: 18 | C43: 25
A44: Apr | B44: 23 | C44: 19
A45: May | B45: 14 | C45: 24
A46: Jun | B46: 20 | C46: 28
A47: Jul | B47: 32 | C47: 23
A48: Aug | B48: 24 | C48: 15
A49: Sep | B49: 28 | C49: 21
A50: Oct | B50: 17 | C50: 18
A51: Nov | B51: 19 | C51: 21
A52: Dec | B52: 15 | C52: 22
A53: Grand Total | B53: 247 | C53: 253
A55: Performance Distribution
A56: Row Labels | B56: Count of Performance Distribution
A57: High | B57: 165
A58: Low | B58: 335
A59: Grand Total | B59: 500
A61: Performance vs Attrition
A62: Row Labels | B62: Sum of Attration Flag
A63: High | B63: 89
A64: Low | B64: 164
A65: Grand Total | B65: 253
A67: Department + Performance
A68: Count of Performance Distribution | B68: Column Labels
A69: Row Labels | B69: Finance | C69: HR | D69: IT | E69: Operations | F69: Sales | G69: Grand Total
A70: High | B70: 27 | C70: 33 | D70: 37 | E70: 34 | F70: 34 | G70: 165
A71: Low | B71: 54 | C71: 92 | D71: 72 | E71: 59 | F71: 58 | G71: 335
A72: Grand Total | B72: 81 | C72: 125 | D72: 109 | E72: 93 | F72: 92 | G72: 500
A74: Count of Employee_ID
A75: 500
A77: Row Labels | B77: Average of Salary
A78: Finance | B78: 737000.89
A79: HR | B79: 705641.97
A80: IT | B80: 739549.92
A81: Operations | B81: 737663.86
A82: Sales | B82: 641619.37
A83: Grand Total | B83: 712289.96

Sheet Table1
A1: Employee_ID | B1: Name | C1: Department | D1: Designation | E1: Location | F1: Joining_Date | G1: Joining Month | H1: Year | I1: Exit_Date | J1: Status | K1: Attration Flag | L1: Working | M1: Salary | N1: Performance_Rating | O1: Manager | P1: Attendance_% | Q1: Performance Distribution | T1: Performance_Rating | X1: Attendance_%
A2: EMP0001 | B2: Employee_1 | C2: Operations | D2: Executive | E2: Pune | F2: 2018-04-19 | G2: =TEXT(Table1_1[[#This Row],[Joining_Date]],"mmm") -> Apr | H2: =TEXT(Table1_1[[#This Row],[Joining_Date]],"yyyy") -> 2018 | I2: 44523 | J2: Exited | K2: =IF(Table1_1[[#This Row],[Status]]="Exited",1,0) -> 1 | L2: =IF(Table1_1[[#This Row],[Status]]="Exited",0,1) -> 0 | M2: 1097194 | N2: 3.6 | O2: Manager D | P2: 84.8 | Q2: =IF(AND(N2>4,P2>=75),"High", IF(AND(N2>2,N2<=4,P2>40,P2<=74),"Average","Low")) -> Low | S2: =IF(AND(T2>4,X2>=75),"High", IF(AND(T2>2,T2<=4,X2>40,X2<=74),"Average","Low")) -> Low | T2: 3.6 | U2: =MAX(T2:T32) -> 5 | V2: MAX | X2: 84.8 | Y2: 0-40 | Z2: low
A3: EMP0002 | B3: Employee_2 | C3: IT | D3: Manager | E3: Pune | F3: 2023-09-07 | G3: =TEXT(Table1_1[[#This Row],[Joining_Date]],"mmm") -> Sep | H3: =TEXT(Table1_1[[#This Row],[Joining_Date]],"yyyy") -> 2023 | I3: 46056 | J3: Exited | K3: =IF(Table1_1[[#This Row],[Status]]="Exited",1,0) -> 1 | L3: =IF(Table1_1[[#This Row],[Status]]="Exited",0,1) -> 0 | M3: 269845 | N3: 3.6 | O3: Manager B | P3: 91.2 | Q3: =IF(AND(N3>4,P3>=75),"High", IF(AND(N3>2,N3<=4,P3>40,P3<=74),"Average","Low")) -> Low | T3: 2.4 | U3: =MIN(T2:T32) -> 2 | V3: MIN | X3: 91.2 | Y3: 41-75 | Z3: Average
A4: EMP0003 | B4: Employee_3 | C4: Operations | D4: Executive | E4: Bangalore | F4: 2020-07-16 | G4: =TEXT(Table1_1[[#This Row],[Joining_Date]],"mmm") -> Jul | H4: =TEXT(Table1_1[[#This Row],[Joining_Date]],"yyyy") -> 2020 | J4: Active | K4: =IF(Table1_1[[#This Row],[Status]]="Exited",1,0) -> 0 | L4: =IF(Table1_1[[#This Row],[Status]]="Exited",0,1) -> 1 | M4: 940921 | N4: 2.4 | O4: Manager A | P4: 81.1 | Q4: =IF(AND(N4>4,P4>=75),"High", IF(AND(N4>2,N4<=4,P4>40,P4<=74),"Average","Low")) -> Low | T4: 4.9 | V4: MID | X4: 81.1 | Y4: >75 | Z4: High
A5: EMP0004 | B5: Employee_4 | C5: IT | D5: Analyst | E5: Bangalore | F5: 2018-06-05 | G5: =TEXT(Table1_1[[#This Row],[Joining_Date]],"mmm") -> Jun | H5: =TEXT(Table1_1[[#This Row],[Joining_Date]],"yyyy") -> 2018 | J5: Active | K5: =IF(Table1_1[[#This Row],[Status]]="Exited",1,0) -> 0 | L5: =IF(Table1_1[[#This Row],[Status]]="Exited",0,1) -> 1 | M5: 776143 | N5: 4.9 | O5: Manager A | P5: 81.9 | Q5: =IF(AND(N5>4,P5>=75),"High", IF(AND(N5>2,N5<=4,P5>40,P5<=74),"Average","Low")) -> High | T5: 4.7 | X5: 81.9
A6: EMP0005 | B6: Employee_5 | C6: Sales | D6: Analyst | E6: Bangalore | F6: 2018-04-22 | G6: =TEXT(Table1_1[[#This Row],[Joining_Date]],"mmm") -> Apr | H6: =TEXT(Table1_1[[#This Row],[Joining_Date]],"yyyy") -> 2018 | J6: Active | K6: =IF(Table1_1[[#This Row],[Status]]="Exited",1,0) -> 0 | L6: =IF(Table1_1[[#This Row],[Status]]="Exited",0,1) -> 1 | M6: 257947 | N6: 4.7 | O6: Manager A | P6: 82 | Q6: =IF(AND(N6>4,P6>=75),"High", IF(AND(N6>2,N6<=4,P6>40,P6<=74),"Average","Low")) -> High | T6: 3.3 | X6: 82
A7: EMP0006 | B7: Employee_6 | C7: Sales | D7: Executive | E7: Bangalore | F7: 2024-08-02 | G7: =TEXT(Table1_1[[#This Row],[Joining_Date]],"mmm") -> Aug | H7: =TEXT(Table1_1[[#This Row],[Joining_Date]],"yyyy") -> 2024 | J7: Active | K7: =IF(Table1_1[[#This Row],[Status]]="Exited",1,0) -> 0 | L7: =IF(Table1_1[[#This Row],[Status]]="Exited",0,1) -> 1 | M7: 566222 | N7: 3.3 | O7: Manager C | P7: 75 | Q7: =IF(AND(N7>4,P7>=75),"High", IF(AND(N7>2,N7<=4,P7>40,P7<=74),"Average","Low")) -> Low | T7: 2.9 | X7: 75
A8: EMP0007 | B8: Employee_7 | C8: Sales | D8: Manager | E8: Mumbai | F8: 2023-09-14 | G8: =TEXT(Table1_1[[#This Row],[Joining_Date]],"mmm") -> Sep | H8: =TEXT(Table1_1[[#This Row],[Joining_Date]],"yyyy") -> 2023 | I8: 45884 | J8: Exited | K8: =IF(Table1_1[[#This Row],[Status]]="Exited",1,0) -> 1 | L8: =IF(Table1_1[[#This Row],[Status]]="Exited",0,1) -> 0 | M8: 1069012 | N8: 2.9 | O8: Manager C | P8: 86.3 | Q8: =IF(AND(N8>4,P8>=75),"High", IF(AND(N8>2,N8<=4,P8>40,P8<=74),"Average","Low")) -> Low | T8: 3.7 | X8: 86.3
A9: EMP0008 | B9: Employee_8 | C9: IT | D9: Senior Executive | E9: Nagpur | F9: 2018-09-02 | G9: =TEXT(Table1_1[[#This Row],[Joining_Date]],"mmm") -> Sep | H9: =TEXT(Table1_1[[#This Row],[Joining_Date]],"yyyy") -> 2018 | J9: Active | K9: =IF(Table1_1[[#This Row],[Status]]="Exited",1,0) -> 0 | L9: =IF(Table1_1[[#This Row],[Status]]="Exited",0,1) -> 1 | M9: 920186 | N9: 3.7 | O9: Manager A | P9: 87.1 | Q9: =IF(AND(N9>4,P9>=75),"High", IF(AND(N9>2,N9<=4,P9>40,P9<=74),"Average","Low")) -> Low | T9: 4.8 | X9: 87.1
A10: EMP0009 | B10: Employee_9 | C10: HR | D10: Analyst | E10: Pune | F10: 2019-12-15 | G10: =TEXT(Table1_1[[#This Row],[Joining_Date]],"mmm") -> Dec | H10: =TEXT(Table1_1[[#This Row],[Joining_Date]],"yyyy") -> 2019 | J10: Active | K10: =IF(Table1_1[[#This Row],[Status]]="Exited",1,0) -> 0 | L10: =IF(Table1_1[[#This Row],[Status]]="Exited",0,1) -> 1 | M10: 731613 | N10: 4.8 | O10: Manager A | P10: 85.8 | Q10: =IF(AND(N10>4,P10>=75),"High", IF(AND(N10>2,N10<=4,P10>40,P10<=74),"Average","Low")) -> High | T10: 3.5 | X10: 85.8
A11: EMP0010 | B11: Employee_10 | C11: Sales | D11: Senior Executive | E11: Bangalore | F11: 2019-02-15 | G11: =TEXT(Table1_1[[#This Row],[Joining_Date]],"mmm") -> Feb | H11: =TEXT(Table1_1[[#This Row],[Joining_Date]],"yyyy") -> 2019 | J11: Active | K11: =IF(Table1_1[[#This Row],[Status]]="Exited",1,0) -> 0 | L11: =IF(Table1_1[[#This Row],[Status]]="Exited",0,1) -> 1 | M11: 714786 | N11: 4.9 | O11: Manager C | P11: 76.4 | Q11: =IF(AND(N11>4,P11>=75),"High", IF(AND(N11>2,N11<=4,P11>40,P11<=74),"Average","Low")) -> High | T11: 3.2 | X11: 76.4
A12: EMP0011 | B12: Employee_11 | C12: Finance | D12: Senior Executive | E12: Bangalore | F12: 2018-09-18 | G12: =TEXT(Table1_1[[#This Row],[Joining_Date]],"mmm") -> Sep | H12: =TEXT(Table1_1[[#This Row],[Joining_Date]],"yyyy") -> 2018 | J12: Active | K12: =IF(Table1_1[[#This Row],[Status]]="Exited",1,0) -> 0 | L12: =IF(Table1_1[[#This Row],[Status]]="Exited",0,1) -> 1 | M12: 771857 | N12: 3.5 | O12: Manager C | P12: 84.2 | Q12: =IF(AND(N12>4,P12>=75),"High", IF(AND(N12>2,N12<=4,P12>40,P12<=74),"Average","Low")) -> Low | T12: 2.5 | X12: 84.2
A13: EMP0012 | B13: Employee_12 | C13: IT | D13: Analyst | E13: Mumbai | F13: 2018-10-24 | G13: =TEXT(Table1_1[[#This Row],[Joining_Date]],"mmm") -> Oct | H13: =TEXT(Table1_1[[#This Row],[Joining_Date]],"yyyy") -> 2018 | J13: Active | K13: =IF(Table1_1[[#This Row],[Status]]="Exited",1,0) -> 0 | L13: =IF(Table1_1[[#This Row],[Status]]="Exited",0,1) -> 1 | M13: 1017999 | N13: 2.4 | O13: Manager C | P13: 87.6 | Q13: =IF(AND(N13>4,P13>=75),"High", IF(AND(N13>2,N13<=4,P13>40,P13<=74),"Average","Low")) -> Low | T13: 3.4 | X13: 87.6
A14: EMP0013 | B14: Employee_13 | C14: Operations | D14: Senior Executive | E14: Nagpur | F14: 2019-03-29 | G14: =TEXT(Table1_1[[#This Row],[Joining_Date]],"mmm") -> Mar | H14: =TEXT(Table1_1[[#This Row],[Joining_Date]],"yyyy") -> 2019 | J14: Active | K14: =IF(Table1_1[[#This Row],[Status]]="Exited",1,0) -> 0 | L14: =IF(Table1_1[[#This Row],[Status]]="Exited",0,1) -> 1 | M14: 220169 | N14: 3.3 | O14: Manager C | P14: 77.7 | Q14: =IF(AND(N14>4,P14>=75),"High", IF(AND(N14>2,N14<=4,P14>40,P14<=74),"Average","Low")) -> Low | T14: 4.6 | X14: 77.7
A15: EMP0014 | B15: Employee_14 | C15: Operations | D15: Senior Executive | E15: Bangalore | F15: 2022-03-23 | G15: =TEXT(Table1_1[[#This Row],[Joining_Date]],"mmm") -> Mar | H15: =TEXT(Table1_1[[#This Row],[Joining_Date]],"yyyy") -> 2022 | I15: 45880 | J15: Exited | K15: =IF(Table1_1[[#This Row],[Status]]="Exited",1,0) -> 1 | L15: =IF(Table1_1[[#This Row],[Status]]="Exited",0,1) -> 0 | M15: 315950 | N15: 3.2 | O15: Manager D | P15: 95.4 | Q15: =IF(AND(N15>4,P15>=75),"High", IF(AND(N15>2,N15<=4,P15>40,P15<=74),"Average","Low")) -> Low | T15: 2.1 | X15: 95.4
A16: EMP0015 | B16: Employee_15 | C16: IT | D16: Manager | E16: Bangalore | F16: 2018-12-13 | G16: =TEXT(Table1_1[[#This Row],[Joining_Date]],"mmm") -> Dec | H16: =TEXT(Table1_1[[#This Row],[Joining_Date]],"yyyy") -> 2018 | J16: Active | K16: =IF(Table1_1[[#This Row],[Status]]="Exited",1,0) -> 0 | L16: =IF(Table1_1[[#This Row],[Status]]="Exited",0,1) -> 1 | M16: 1045488 | N16: 2.5 | O16: Manager C | P16: 91.4 | Q16: =IF(AND(N16>4,P16>=75),"High", IF(AND(N16>2,N16<=4,P16>40,P16<=74),"Average","Low")) -> Low | T16: 4.4 | X16: 91.4
A17: EMP0016 | B17: Employee_16 | C17: Finance | D17: Senior Executive | E17: Pune | F17: 2018-07-15 | G17: =TEXT(Table1_1[[#This Row],[Joining_Date]],"mmm") -> Jul | H17: =TEXT(Table1_1[[#This Row],[Joining_Date]],"yyyy") -> 2018 | J17: Active | K17: =IF(Table1_1[[#This Row],[Status]]="Exited",1,0) -> 0 | L17: =IF(Table1_1[[#This Row],[Status]]="Exited",0,1) -> 1 | M17: 786178 | N17: 3.5 | O17: Manager C | P17: 77.4 | Q17: =IF(AND(N17>4,P17>=75),"High", IF(AND(N17>2,N17<=4,P17>40,P17<=74),"Average","Low")) -> Low | T17: 2.7 | X17: 77.4
A18: EMP0017 | B18: Employee_17 | C18: Finance | D18: Senior Executive | E18: Bangalore | F18: 2024-05-01 | G18: =TEXT(Table1_1[[#This Row],[Joining_Date]],"mmm") -> May | H18: =TEXT(Table1_1[[#This Row],[Joining_Date]],"yyyy") -> 2024 | I18: 46876 | J18: Exited | K18: =IF(Table1_1[[#This Row],[Status]]="Exited",1,0) -> 1 | L18: =IF(Table1_1[[#This Row],[Status]]="Exited",0,1) -> 0 | M18: 515475 | N18: 3.5 | O18: Manager B | P18: 83.8 | Q18: =IF(AND(N18>4,P18>=75),"High", IF(AND(N18>2,N18<=4,P18>40,P18<=74),"Average","Low")) -> Low | T18: 4.5 | X18: 83.8
A19: EMP0018 | B19: Employee_18 | C19: IT | D19: Senior Executive | E19: Pune | F19: 2021-12-18 | G19: =TEXT(Table1_1[[#This Row],[Joining_Date]],"mmm") -> Dec | H19: =TEXT(Table1_1[[#This Row],[Joining_Date]],"yyyy") -> 2021 | I19: 45043 | J19: Exited | K19: =IF(Table1_1[[#This Row],[Status]]="Exited",1,0) -> 1 | L19: =IF(Table1_1[[#This Row],[Status]]="Exited",0,1) -> 0 | M19: 403143 | N19: 3.4 | O19: Manager C | P19: 75.1 | Q19: =IF(AND(N19>4,P19>=75),"High", IF(AND(N19>2,N19<=4,P19>40,P19<=74),"Average","Low")) -> Low | T19: 2.2 | X19: 75.1
A20: EMP0019 | B20: Employee_19 | C20: IT | D20: Executive | E20: Pune | F20: 2019-05-11 | G20: =TEXT(Table1_1[[#This Row],[Joining_Date]],"mmm") -> May | H20: =TEXT(Table1_1[[#This Row],[Joining_Date]],"yyyy") -> 2019 | I20: 43841 | J20: Exited | K20: =IF(Table1_1[[#This Row],[Status]]="Exited",1,0) -> 1 | L20: =IF(Table1_1[[#This Row],[Status]]="Exited",0,1) -> 0 | M20: 475080 | N20: 4.6 | O20: Manager C | P20: 97.8 | Q20: =IF(AND(N20>4,P20>=75),"High", IF(AND(N20>2,N20<=4,P20>40,P20<=74),"Average","Low")) -> High | T20: 3.9 | X20: 97.8
A21: EMP0020 | B21: Employee_20 | C21: HR | D21: Manager | E21: Bangalore | F21: 2018-09-01 | G21: =TEXT(Table1_1[[#This Row],[Joining_Date]],"mmm") -> Sep | H21: =TEXT(Table1_1[[#This Row],[Joining_Date]],"yyyy") -> 2018 | I21: 44654 | J21: Exited | K21: =IF(Table1_1[[#This Row],[Status]]="Exited",1,0) -> 1 | L21: =IF(Table1_1[[#This Row],[Status]]="Exited",0,1) -> 0 | M21: 338549 | N21: 2.1 | O21: Manager A | P21: 79.9 | Q21: =IF(AND(N21>4,P21>=75),"High", IF(AND(N21>2,N21<=4,P21>40,P21<=74),"Average","Low")) -> Low | T21: 2.3 | X21: 79.9
A22: EMP0021 | B22: Employee_21 | C22: Operations | D22: Analyst | E22: Nagpur | F22: 2024-08-20 | G22: =TEXT(Table1_1[[#This Row],[Joining_Date]],"mmm") -> Aug | H22: =TEXT(Table1_1[[#This Row],[Joining_Date]],"yyyy") -> 2024 | J22: Active | K22: =IF(Table1_1[[#This Row],[Status]]="Exited",1,0) -> 0 | L22: =IF(Table1_1[[#This Row],[Status]]="Exited",0,1) -> 1 | M22: 614309 | N22: 4.4 | O22: Manager A | P22: 79.8 | Q22: =IF(AND(N22>4,P22>=75),"High", IF(AND(N22>2,N22<=4,P22>40,P22<=74),"Average","Low")) -> High | T22: 2.8 | X22: 79.8
A23: EMP0022 | B23: Employee_22 | C23: Operations | D23: Executive | E23: Pune | F23: 2024-08-28 | G23: =TEXT(Table1_1[[#This Row],[Joining_Date]],"mmm") -> Aug | H23: =TEXT(Table1_1[[#This Row],[Joining_Date]],"yyyy") -> 2024 | J23: Active | K23: =IF(Table1_1[[#This Row],[Status]]="Exited",1,0) -> 0 | L23: =IF(Table1_1[[#This Row],[Status]]="Exited",0,1) -> 1 | M23: 893780 | N23: 2.7 | O23: Manager B | P23: 87.7 | Q23: =IF(AND(N23>4,P23>=75),"High", IF(AND(N23>2,N23<=4,P23>40,P23<=74),"Average","Low")) -> Low | T23: 5 | X23: 87.7
A24: EMP0023 | B24: Employee_23 | C24: Finance | D24: Senior Executive | E24: Mumbai | F24: 2023-01-01 | G24: =TEXT(Table1_1[[#This Row],[Joining_Date]],"mmm") -> Jan | H24: =TEXT(Table1_1[[#This Row],[Joining_Date]],"yyyy") -> 2023 | I24: 45866 | J24: Exited | K24: =IF(Table1_1[[#This Row],[Status]]="Exited",1,0) -> 1 | L24: =IF(Table1_1[[#This Row],[Status]]="Exited",0,1) -> 0 | M24: 474058 | N24: 4.5 | O24: Manager C | P24: 92.6 | Q24: =IF(AND(N24>4,P24>=75),"High", IF(AND(N24>2,N24<=4,P24>40,P24<=74),"Average","Low")) -> High | T24: 4.3 | X24: 92.6
A25: EMP0024 | B25: Employee_24 | C25: IT | D25: Executive | E25: Bangalore | F25: 2020-07-05 | G25: =TEXT(Table1_1[[#This Row],[Joining_Date]],"mmm") -> Jul | H25: =TEXT(Table1_1[[#This Row],[Joining_Date]],"yyyy") -> 2020 | J25: Active | K25: =IF(Table1_1[[#This Row],[Status]]="Exited",1,0) -> 0 | L25: =IF(Table1_1[[#This Row],[Status]]="Exited",0,1) -> 1 | M25: 967771 | N25: 3.6 | O25: Manager C | P25: 80.1 | Q25: =IF(AND(N25>4,P25>=75),"High", IF(AND(N25>2,N25<=4,P25>40,P25<=74),"Average","Low")) -> Low | T25: 4.1 | X25: 80.1
A26: EMP0025 | B26: Employee_25 | C26: HR | D26: Analyst | E26: Bangalore | F26: 2020-06-14 | G26: =TEXT(Table1_1[[#This Row],[Joining_Date]],"mmm") -> Jun | H26: =TEXT(Table1_1[[#This Row],[Joining_Date]],"yyyy") -> 2020 | I26: 44027 | J26: Exited | K26: =IF(Table1_1[[#This Row],[Status]]="Exited",1,0) -> 1 | L26: =IF(Table1_1[[#This Row],[Status]]="Exited",0,1) -> 0 | M26: 462719 | N26: 2.4 | O26: Manager C | P26: 96.6 | Q26: =IF(AND(N26>4,P26>=75),"High", IF(AND(N26>2,N26<=4,P26>40,P26<=74),"Average","Low")) -> Low | T26: 2 | X26: 96.6
A27: EMP0026 | B27: Employee_26 | C27: Sales | D27: Senior Executive | E27: Pune | F27: 2022-06-23 | G27: =TEXT(Table1_1[[#This Row],[Joining_Date]],"mmm") -> Jun | H27: =TEXT(Table1_1[[#This Row],[Joining_Date]],"yyyy") -> 2022 | I27: 44799 | J27: Exited | K27: =IF(Table1_1[[#This Row],[Status]]="Exited",1,0) -> 1 | L27: =IF(Table1_1[[#This Row],[Status]]="Exited",0,1) -> 0 | M27: 330780 | N27: 2.2 | O27: Manager A | P27: 95.9 | Q27: =IF(AND(N27>4,P27>=75),"High", IF(AND(N27>2,N27<=4,P27>40,P27<=74),"Average","Low")) -> Low | T27: 3.1 | X27: 95.9
A28: EMP0027 | B28: Employee_27 | C28: Sales | D28: Manager | E28: Pune | F28: 2019-11-07 | G28: =TEXT(Table1_1[[#This Row],[Joining_Date]],"mmm") -> Nov | H28: =TEXT(Table1_1[[#This Row],[Joining_Date]],"yyyy") -> 2019 | I28: 44431 | J28: Exited | K28: =IF(Table1_1[[#This Row],[Status]]="Exited",1,0) -> 1 | L28: =IF(Table1_1[[#This Row],[Status]]="Exited",0,1) -> 0 | M28: 516880 | N28: 3.9 | O28: Manager D | P28: 96.9 | Q28: =IF(AND(N28>4,P28>=75),"High", IF(AND(N28>2,N28<=4,P28>40,P28<=74),"Average","Low")) -> Low | T28: 3.8 | X28: 96.9
A29: EMP0028 | B29: Employee_28 | C29: HR | D29: Analyst | E29: Pune | F29: 2018-02-21 | G29: =TEXT(Table1_1[[#This Row],[Joining_Date]],"mmm") -> Feb | H29: =TEXT(Table1_1[[#This Row],[Joining_Date]],"yyyy") -> 2018 | I29: 44594 | J29: Exited | K29: =IF(Table1_1[[#This Row],[Status]]="Exited",1,0) -> 1 | L29: =IF(Table1_1[[#This Row],[Status]]="Exited",0,1) -> 0 | M29: 639166 | N29: 2.3 | O29: Manager D | P29: 75.2 | Q29: =IF(AND(N29>4,P29>=75),"High", IF(AND(N29>2,N29<=4,P29>40,P29<=74),"Average","Low")) -> Low | T29: 2.6 | X29: 75.2
A30: EMP0029 | B30: Employee_29 | C30: HR | D30: Senior Executive | E30: Mumbai | F30: 2024-02-19 | G30: =TEXT(Table1_1[[#This Row],[Joining_Date]],"mmm") -> Feb | H30: =TEXT(Table1_1[[#This Row],[Joining_Date]],"yyyy") -> 2024 | J30: Active | K30: =IF(Table1_1[[#This Row],[Status]]="Exited",1,0) -> 0 | L30: =IF(Table1_1[[#This Row],[Status]]="Exited",0,1) -> 1 | M30: 944641 | N30: 2.8 | O30: Manager C | P30: 99.6 | Q30: =IF(AND(N30>4,P30>=75),"High", IF(AND(N30>2,N30<=4,P30>40,P30<=74),"Average","Low")) -> Low | T30: 4.2 | X30: 99.6
A31: EMP0030 | B31: Employee_30 | C31: IT | D31: Manager | E31: Mumbai | F31: 2019-10-18 | G31: =TEXT(Table1_1[[#This Row],[Joining_Date]],"mmm") -> Oct | H31: =TEXT(Table1_1[[#This Row],[Joining_Date]],"yyyy") -> 2019 | I31: 43881 | J31: Exited | K31: =IF(Table1_1[[#This Row],[Status]]="Exited",1,0) -> 1 | L31: =IF(Table1_1[[#This Row],[Status]]="Exited",0,1) -> 0 | M31: 1138812 | N31: 5 | O31: Manager D | P31: 87.4 | Q31: =IF(AND(N31>4,P31>=75),"High", IF(AND(N31>2,N31<=4,P31>40,P31<=74),"Average","Low")) -> High | T31: 4 | X31: 87.4
A32: EMP0031 | B32: Employee_31 | C32: Finance | D32: Executive | E32: Pune | F32: 2024-10-18 | G32: =TEXT(Table1_1[[#This Row],[Joining_Date]],"mmm") -> Oct | H32: =TEXT(Table1_1[[#This Row],[Joining_Date]],"yyyy") -> 2024 | J32: Active | K32: =IF(Table1_1[[#This Row],[Status]]="Exited",1,0) -> 0 | L32: =IF(Table1_1[[#This Row],[Status]]="Exited",0,1) -> 1 | M32: 948550 | N32: 4.4 | O32: Manager C | P32: 99.3 | Q32: =IF(AND(N32>4,P32>=75),"High", IF(AND(N32>2,N32<=4,P32>40,P32<=74),"Average","Low")) -> High | T32: 3 | X32: 99.3
A33: EMP0032 | B33: Employee_32 | C33: Sales | D33: Executive | E33: Nagpur | F33: 2019-12-23 | G33: =TEXT(Table1_1[[#This Row],[Joining_Date]],"mmm") -> Dec | H33: =TEXT(Table1_1[[#This Row],[Joining_Date]],"yyyy") -> 2019 | I33: 44550 | J33: Exited | K33: =IF(Table1_1[[#This Row],[Status]]="Exited",1,0) -> 1 | L33: =IF(Table1_1[[#This Row],[Status]]="Exited",0,1) -> 0 | M33: 843035 | N33: 4.7 | O33: Manager A | P33: 79.8 | Q33: =IF(AND(N33>4,P33>=75),"High", IF(AND(N33>2,N33<=4,P33>40,P33<=74),"Average","Low")) -> High | X33: 98.7
A34: EMP0033 | B34: Employee_33 | C34: IT | D34: Manager | E34: Bangalore | F34: 2021-10-29 | G34: =TEXT(Table1_1[[#This Row],[Joining_Date]],"mmm") -> Oct | H34: =TEXT(Table1_1[[#This Row],[Joining_Date]],"yyyy") -> 2021 | I34: 45462 | J34: Exited | K34: =IF(Table1_1[[#This Row],[Status]]="Exited",1,0) -> 1 | L34: =IF(Table1_1[[#This Row],[Status]]="Exited",0,1) -> 0 | M34: 742532 | N34: 4.3 | O34: Manager D | P34: 98.7 | Q34: =IF(AND(N34>4,P34>=75),"High", IF(AND(N34>2,N34<=4,P34>40,P34<=74),"Average","Low")) -> High | X34: 86.9
A35: EMP0034 | B35: Employee_34 | C35: Operations | D35: Analyst | E35: Mumbai | F35: 2023-06-17 | G35: =TEXT(Table1_1[[#This Row],[Joining_Date]],"mmm") -> Jun | H35: =TEXT(Table1_1[[#This Row],[Joining_Date]],"yyyy") -> 2023 | I35: 45978 | J35: Exited | K35: =IF(Table1_1[[#This Row],[Status]]="Exited",1,0) -> 1 | L35: =IF(Table1_1[[#This Row],[Status]]="Exited",0,1) -> 0 | M35: 413138 | N35: 4.1 | O35: Manager B | P35: 86.9 | Q35: =IF(AND(N35>4,P35>=75),"High", IF(AND(N35>2,N35<=4,P35>40,P35<=74),"Average","Low")) -> High | X35: 80.6
A36: EMP0035 | B36: Employee_35 | C36: HR | D36: Senior Executive | E36: Pune | F36: 2021-07-02 | G36: =TEXT(Table1_1[[#This Row],[Joining_Date]],"mmm") -> Jul | H36: =TEXT(Table1_1[[#This Row],[Joining_Date]],"yyyy") -> 2021 | J36: Active | K36: =IF(Table1_1[[#This Row],[Status]]="Exited",1,0) -> 0 | L36: =IF(Table1_1[[#This Row],[Status]]="Exited",0,1) -> 1 | M36: 327661 | N36: 2.1 | O36: Manager A | P36: 80.6 | Q36: =IF(AND(N36>4,P36>=75),"High", IF(AND(N36>2,N36<=4,P36>40,P36<=74),"Average","Low")) -> Low | X36: 83
A37: EMP0036 | B37: Employee_36 | C37: Finance | D37: Executive | E37: Nagpur | F37: 2021-11-29 | G37: =TEXT(Table1_1[[#This Row],[Joining_Date]],"mmm") -> Nov | H37: =TEXT(Table1_1[[#This Row],[Joining_Date]],"yyyy") -> 2021 | I37: 45799 | J37: Exited | K37: =IF(Table1_1[[#This Row],[Status]]="Exited",1,0) -> 1 | L37: =IF(Table1_1[[#This Row],[Status]]="Exited",0,1) -> 0 | M37: 959364 | N37: 3.9 | O37: Manager D | P37: 83 | Q37: =IF(AND(N37>4,P37>=75),"High", IF(AND(N37>2,N37<=4,P37>40,P37<=74),"Average","Low")) -> Low | X37: 97.5
A38: EMP0037 | B38: Employee_37 | C38: HR | D38: Manager | E38: Nagpur | F38: 2021-06-29 | G38: =TEXT(Table1_1[[#This Row],[Joining_Date]],"mmm") -> Jun | H38: =TEXT(Table1_1[[#This Row],[Joining_Date]],"yyyy") -> 2021 | I38: 45250 | J38: Exited | K38: =IF(Table1_1[[#This Row],[Status]]="Exited",1,0) -> 1 | L38: =IF(Table1_1[[#This Row],[Status]]="Exited",0,1) -> 0 | M38: 874828 | N38: 2.8 | O38: Manager A | P38: 86.9 | Q38: =IF(AND(N38>4,P38>=75),"High", IF(AND(N38>2,N38<=4,P38>40,P38<=74),"Average","Low")) -> Low | X38: 96
A39: EMP0038 | B39: Employee_38 | C39: Operations | D39: Manager | E39: Nagpur | F39: 2021-06-10 | G39: =TEXT(Table1_1[[#This Row],[Joining_Date]],"mmm") -> Jun | H39: =TEXT(Table1_1[[#This Row],[Joining_Date]],"yyyy") -> 2021 | J39: Active | K39: =IF(Table1_1[[#This Row],[Status]]="Exited",1,0) -> 0 | L39: =IF(Table1_1[[#This Row],[Status]]="Exited",0,1) -> 1 | M39: 973248 | N39: 2 | O39: Manager B | P39: 97.5 | Q39: =IF(AND(N39>4,P39>=75),"High", IF(AND(N39>2,N39<=4,P39>40,P39<=74),"Average","Low")) -> Low | X39: 82.8
A40: EMP0039 | B40: Employee_39 | C40: Operations | D40: Senior Executive | E40: Pune | F40: 2021-02-10 | G40: =TEXT(Table1_1[[#This Row],[Joining_Date]],"mmm") -> Feb | H40: =TEXT(Table1_1[[#This Row],[Joining_Date]],"yyyy") -> 2021 | J40: Active | K40: =IF(Table1_1[[#This Row],[Status]]="Exited",1,0) -> 0 | L40: =IF(Table1_1[[#This Row],[Status]]="Exited",0,1) -> 1 | M40: 457965 | N40: 2.2 | O40: Manager D | P40: 97.5 | Q40: =IF(AND(N40>4,P40>=75),"High", IF(AND(N40>2,N40<=4,P40>40,P40<=74),"Average","Low")) -> Low | X40: 92.4
A41: EMP0040 | B41: Employee_40 | C41: Sales | D41: Manager | E41: Bangalore | F41: 2023-03-04 | G41: =TEXT(Table1_1[[#This Row],[Joining_Date]],"mmm") -> Mar | H41: =TEXT(Table1_1[[#This Row],[Joining_Date]],"yyyy") -> 2023 | J41: Active | K41: =IF(Table1_1[[#This Row],[Status]]="Exited",1,0) -> 0 | L41: =IF(Table1_1[[#This Row],[Status]]="Exited",0,1) -> 1 | M41: 407958 | N41: 3.1 | O41: Manager A | P41: 96 | Q41: =IF(AND(N41>4,P41>=75),"High", IF(AND(N41>2,N41<=4,P41>40,P41<=74),"Average","Low")) -> Low | X41: 92
A42: EMP0041 | B42: Employee_41 | C42: HR | D42: Executive | E42: Nagpur | F42: 2021-02-12 | G42: =TEXT(Table1_1[[#This Row],[Joining_Date]],"mmm") -> Feb | H42: =TEXT(Table1_1[[#This Row],[Joining_Date]],"yyyy") -> 2021 | J42: Active | K42: =IF(Table1_1[[#This Row],[Status]]="Exited",1,0) -> 0 | L42: =IF(Table1_1[[#This Row],[Status]]="Exited",0,1) -> 1 | M42: 739771 | N42: 2 | O42: Manager D | P42: 82.8 | Q42: =IF(AND(N42>4,P42>=75),"High", IF(AND(N42>2,N42<=4,P42>40,P42<=74),"Average","Low")) -> Low | X42: 91.5
A43: EMP0042 | B43: Employee_42 | C43: Finance | D43: Executive | E43: Pune | F43: 2021-07-01 | G43: =TEXT(Table1_1[[#This Row],[Joining_Date]],"mmm") -> Jul | H43: =TEXT(Table1_1[[#This Row],[Joining_Date]],"yyyy") -> 2021 | I43: 45405 | J43: Exited | K43: =IF(Table1_1[[#This Row],[Status]]="Exited",1,0) -> 1 | L43: =IF(Table1_1[[#This Row],[Status]]="Exited",0,1) -> 0 | M43: 824601 | N43: 3.6 | O43: Manager C | P43: 92.4 | Q43: =IF(AND(N43>4,P43>=75),"High", IF(AND(N43>2,N43<=4,P43>40,P43<=74),"Average","Low")) -> Low | X43: 86.8
A44: EMP0043 | B44: Employee_43 | C44: IT | D44: Analyst | E44: Nagpur | F44: 2018-06-16 | G44: =TEXT(Table1_1[[#This Row],[Joining_Date]],"mmm") -> Jun | H44: =TEXT(Table1_1[[#This Row],[Joining_Date]],"yyyy") -> 2018 | I44: 43743 | J44: Exited | K44: =IF(Table1_1[[#This Row],[Status]]="Exited",1,0) -> 1 | L44: =IF(Table1_1[[#This Row],[Status]]="Exited",0,1) -> 0 | M44: 944351 | N44: 3.6 | O44: Manager D | P44: 92 | Q44: =IF(AND(N44>4,P44>=75),"High", IF(AND(N44>2,N44<=4,P44>40,P44<=74),"Average","Low")) -> Low | X44: 94.6
A45: EMP0044 | B45: Employee_44 | C45: Operations | D45: Manager | E45: Mumbai | F45: 2024-08-08 | G45: =TEXT(Table1_1[[#This Row],[Joining_Date]],"mmm") -> Aug | H45: =TEXT(Table1_1[[#This Row],[Joining_Date]],"yyyy") -> 2024 | J45: Active | K45: =IF(Table1_1[[#This Row],[Status]]="Exited",1,0) -> 0 | L45: =IF(Table1_1[[#This Row],[Status]]="Exited",0,1) -> 1 | M45: 1083248 | N45: 4.6 | O45: Manager D | P45: 91.5 | Q45: =IF(AND(N45>4,P45>=75),"High", IF(AND(N45>2,N45<=4,P45>40,P45<=74),"Average","Low")) -> High | X45: 83.9
A46: EMP0045 | B46: Employee_45 | C46: Finance | D46: Senior Executive | E46: Pune | F46: 2019-03-24 | G46: =TEXT(Table1_1[[#This Row],[Joining_Date]],"mmm") -> Mar | H46: =TEXT(Table1_1[[#This Row],[Joining_Date]],"yyyy") -> 2019 | I46: 43704 | J46: Exited | K46: =IF(Table1_1[[#This Row],[Status]]="Exited",1,0) -> 1 | L46: =IF(Table1_1[[#This Row],[Status]]="Exited",0,1) -> 0 | M46: 264530 | N46: 3.8 | O46: Manager B | P46: 82 | Q46: =IF(AND(N46>4,P46>=75),"High", IF(AND(N46>2,N46<=4,P46>40,P46<=74),"Average","Low")) -> Low | X46: 88.8
A47: EMP0046 | B47: Employee_46 | C47: IT | D47: Executive | E47: Bangalore | F47: 2018-05-29 | G47: =TEXT(Table1_1[[#This Row],[Joining_Date]],"mmm") -> May | H47: =TEXT(Table1_1[[#This Row],[Joining_Date]],"yyyy") -> 2018 | I47: 44415 | J47: Exited | K47: =IF(Table1_1[[#This Row],[Status]]="Exited",1,0) -> 1 | L47: =IF(Table1_1[[#This Row],[Status]]="Exited",0,1) -> 0 | M47: 1014718 | N47: 4.4 | O47: Manager C | P47: 86.8 | Q47: =IF(AND(N47>4,P47>=75),"High", IF(AND(N47>2,N47<=4,P47>40,P47<=74),"Average","Low")) -> High | X47: 94.2
A48: EMP0047 | B48: Employee_47 | C48: Finance | D48: Analyst | E48: Nagpur | F48: 2024-01-17 | G48: =TEXT(Table1_1[[#This Row],[Joining_Date]],"mmm") -> Jan | H48: =TEXT(Table1_1[[#This Row],[Joining_Date]],"yyyy") -> 2024 | I48: 45760 | J48: Exited | K48: =IF(Table1_1[[#This Row],[Status]]="Exited",1,0) -> 1 | L48: =IF(Table1_1[[#This Row],[Status]]="Exited",0,1) -> 0 | M48: 636236 | N48: 2.2 | O48: Manager D | P48: 94.6 | Q48: =IF(AND(N48>4,P48>=75),"High", IF(AND(N48>2,N48<=4,P48>40,P48<=74),"Average","Low")) -> Low | X48: 91.6
A49: EMP0048 | B49: Employee_48 | C49: Finance | D49: Executive | E49: Mumbai | F49: 2019-07-05 | G49: =TEXT(Table1_1[[#This Row],[Joining_Date]],"mmm") -> Jul | H49: =TEXT(Table1_1[[#This Row],[Joining_Date]],"yyyy") -> 2019 | J49: Active | K49: =IF(Table1_1[[#This Row],[Status]]="Exited",1,0) -> 0 | L49: =IF(Table1_1[[#This Row],[Status]]="Exited",0,1) -> 1 | M49: 613197 | N49: 2.6 | O49: Manager B | P49: 99.6 | Q49: =IF(AND(N49>4,P49>=75),"High", IF(AND(N49>2,N49<=4,P49>40,P49<=74),"Average","Low")) -> Low | X49: 97.6
A50: EMP0049 | B50: Employee_49 | C50: Finance | D50: Manager | E50: Nagpur | F50: 2022-08-30 | G50: =TEXT(Table1_1[[#This Row],[Joining_Date]],"mmm") -> Aug | H50: =TEXT(Table1_1[[#This Row],[Joining_Date]],"yyyy") -> 2022 | I50: 46126 | J50: Exited | K50: =IF(Table1_1[[#This Row],[Status]]="Exited",1,0) -> 1 | L50: =IF(Table1_1[[#This Row],[Status]]="Exited",0,1) -> 0 | M50: 1005861 | N50: 3.4 | O50: Manager C | P50: 83.8 | Q50: =IF(AND(N50>4,P50>=75),"High", IF(AND(N50>2,N50<=4,P50>40,P50<=74),"Average","Low")) -> Low | X50: 93.3
A51: EMP0050 | B51: Employee_50 | C51: IT | D51: Senior Executive | E51: Nagpur | F51: 2022-12-26 | G51: =TEXT(Table1_1[[#This Row],[Joining_Date]],"mmm") -> Dec | H51: =TEXT(Table1_1[[#This Row],[Joining_Date]],"yyyy") -> 2022 | I51: 45704 | J51: Exited | K51: =IF(Table1_1[[#This Row],[Status]]="Exited",1,0) -> 1 | L51: =IF(Table1_1[[#This Row],[Status]]="Exited",0,1) -> 0 | M51: 899885 | N51: 3.1 | O51: Manager D | P51: 83.9 | Q51: =IF(AND(N51>4,P51>=75),"High", IF(AND(N51>2,N51<=4,P51>40,P51<=74),"Average","Low")) -> Low | X51: 90.4
A52: EMP0051 | B52: Employee_51 | C52: Operations | D52: Manager | E52: Nagpur | F52: 2019-11-01 | G52: =TEXT(Table1_1[[#This Row],[Joining_Date]],"mmm") -> Nov | H52: =TEXT(Table1_1[[#This Row],[Joining_Date]],"yyyy") -> 2019 | J52: Active | K52: =IF(Table1_1[[#This Row],[Status]]="Exited",1,0) -> 0 | L52: =IF(Table1_1[[#This Row],[Status]]="Exited",0,1) -> 1 | M52: 990597 | N52: 3.4 | O52: Manager A | P52: 88.8 | Q52: =IF(AND(N52>4,P52>=75),"High", IF(AND(N52>2,N52<=4,P52>40,P52<=74),"Average","Low")) -> Low | X52: 97.3
A53: EMP0052 | B53: Employee_52 | C53: Sales | D53: Executive | E53: Mumbai | F53: 2021-10-02 | G53: =TEXT(Table1_1[[#This Row],[Joining_Date]],"mmm") -> Oct | H53: =TEXT(Table1_1[[#This Row],[Joining_Date]],"yyyy") -> 2021 | J53: Active | K53: =IF(Table1_1[[#This Row],[Status]]="Exited",1,0) -> 0 | L53: =IF(Table1_1[[#This Row],[Status]]="Exited",0,1) -> 1 | M53: 950927 | N53: 3.5 | O53: Manager B | P53: 94.2 | Q53: =IF(AND(N53>4,P53>=75),"High", IF(AND(N53>2,N53<=4,P53>40,P53<=74),"Average","Low")) -> Low | X53: 98.4
A54: EMP0053 | B54: Employee_53 | C54: IT | D54: Analyst | E54: Mumbai | F54: 2021-07-10 | G54: =TEXT(Table1_1[[#This Row],[Joining_Date]],"mmm") -> Jul | H54: =TEXT(Table1_1[[#This Row],[Joining_Date]],"yyyy") -> 2021 | I54: 45843 | J54: Exited | K54: =IF(Table1_1[[#This Row],[Status]]="Exited",1,0) -> 1 | L54: =IF(Table1_1[[#This Row],[Status]]="Exited",0,1) -> 0 | M54: 662828 | N54: 3.5 | O54: Manager D | P54: 91.6 | Q54: =IF(AND(N54>4,P54>=75),"High", IF(AND(N54>2,N54<=4,P54>40,P54<=74),"Average","Low")) -> Low | X54: 85.2
A55: EMP0054 | B55: Employee_54 | C55: HR | D55: Analyst | E55: Nagpur | F55: 2020-02-11 | G55: =TEXT(Table1_1[[#This Row],[Joining_Date]],"mmm") -> Feb | H55: =TEXT(Table1_1[[#This Row],[Joining_Date]],"yyyy") -> 2020 | J55: Active | K55: =IF(Table1_1[[#This Row],[Status]]="Exited",1,0) -> 0 | L55: =IF(Table1_1[[#This Row],[Status]]="Exited",0,1) -> 1 | M55: 999328 | N55: 4.3 | O55: Manager D | P55: 97.6 | Q55: =IF(AND(N55>4,P55>=75),"High", IF(AND(N55>2,N55<=4,P55>40,P55<=74),"Average","Low")) -> High | X55: 80.5
A56: EMP0055 | B56: Employee_55 | C56: HR | D56: Executive | E56: Pune | F56: 2021-02-08 | G56: =TEXT(Table1_1[[#This Row],[Joining_Date]],"mmm") -> Feb | H56: =TEXT(Table1_1[[#This Row],[Joining_Date]],"yyyy") -> 2021 | I56: 44582 | J56: Exited | K56: =IF(Table1_1[[#This Row],[Status]]="Exited",1,0) -> 1 | L56: =IF(Table1_1[[#This Row],[Status]]="Exited",0,1) -> 0 | M56: 587489 | N56: 3.3 | O56: Manager B | P56: 93.3 | Q56: =IF(AND(N56>4,P56>=75),"High", IF(AND(N56>2,N56<=4,P56>40,P56<=74),"Average","Low")) -> Low | X56: 91.9
A57: EMP0056 | B57: Employee_56 | C57: HR | D57: Senior Executive | E57: Bangalore | F57: 2023-11-24 | G57: =TEXT(Table1_1[[#This Row],[Joining_Date]],"mmm") -> Nov | H57: =TEXT(Table1_1[[#This Row],[Joining_Date]],"yyyy") -> 2023 | I57: 46411 | J57: Exited | K57: =IF(Table1_1[[#This Row],[Status]]="Exited",1,0) -> 1 | L57: =IF(Table1_1[[#This Row],[Status]]="Exited",0,1) -> 0 | M57: 572489 | N57: 3.3 | O57: Manager D | P57: 90.4 | Q57: =IF(AND(N57>4,P57>=75),"High", IF(AND(N57>2,N57<=4,P57>40,P57<=74),"Average","Low")) -> Low | X57: 82.2
A58: EMP0057 | B58: Employee_57 | C58: HR | D58: Executive | E58: Bangalore | F58: 2018-11-27 | G58: =TEXT(Table1_1[[#This Row],[Joining_Date]],"mmm") -> Nov | H58: =TEXT(Table1_1[[#This Row],[Joining_Date]],"yyyy") -> 2018 | I58: 44314 | J58: Exited | K58: =IF(Table1_1[[#This Row],[Status]]="Exited",1,0) -> 1 | L58: =IF(Table1_1[[#This Row],[Status]]="Exited",0,1) -> 0 | M58: 317279 | N58: 4.2 | O58: Manager D | P58: 97.3 | Q58: =IF(AND(N58>4,P58>=75),"High", IF(AND(N58>2,N58<=4,P58>40,P58<=74),"Average","Low")) -> High | X58: 96.3
A59: EMP0058 | B59: Employee_58 | C59: IT | D59: Manager | E59: Bangalore | F59: 2022-05-10 | G59: =TEXT(Table1_1[[#This Row],[Joining_Date]],"mmm") -> May | H59: =TEXT(Table1_1[[#This Row],[Joining_Date]],"yyyy") -> 2022 | I59: 45812 | J59: Exited | K59: =IF(Table1_1[[#This Row],[Status]]="Exited",1,0) -> 1 | L59: =IF(Table1_1[[#This Row],[Status]]="Exited",0,1) -> 0 | M59: 963177 | N59: 4.8 | O59: Manager B | P59: 81.9 | Q59: =IF(AND(N59>4,P59>=75),"High", IF(AND(N59>2,N59<=4,P59>40,P59<=74),"Average","Low")) -> High | X59: 97.9
A60: EMP0059 | B60: Employee_59 | C60: IT | D60: Senior Executive | E60: Pune | F60: 2024-12-17 | G60: =TEXT(Table1_1[[#This Row],[Joining_Date]],"mmm") -> Dec | H60: =TEXT(Table1_1[[#This Row],[Joining_Date]],"yyyy") -> 2024 | I60: 46816 | J60: Exited | K60: =IF(Table1_1[[#This Row],[Status]]="Exited",1,0) -> 1 | L60: =IF(Table1_1[[#This Row],[Status]]="Exited",0,1) -> 0 | M60: 1096378 | N60: 4.4 | O60: Manager D | P60: 98.4 | Q60: =IF(AND(N60>4,P60>=75),"High", IF(AND(N60>2,N60<=4,P60>40,P60<=74),"Average","Low")) -> High | X60: 94.1
A61: EMP0060 | B61: Employee_60 | C61: Operations | D61: Analyst | E61: Nagpur | F61: 2021-06-07 | G61: =TEXT(Table1_1[[#This Row],[Joining_Date]],"mmm") -> Jun | H61: =TEXT(Table1_1[[#This Row],[Joining_Date]],"yyyy") -> 2021 | I61: 44923 | J61: Exited | K61: =IF(Table1_1[[#This Row],[Status]]="Exited",1,0) -> 1 | L61: =IF(Table1_1[[#This Row],[Status]]="Exited",0,1) -> 0 | M61: 1174797 | N61: 5 | O61: Manager B | P61: 85.2 | Q61: =IF(AND(N61>4,P61>=75),"High", IF(AND(N61>2,N61<=4,P61>40,P61<=74),"Average","Low")) -> High | X61: 80.3
A62: EMP0061 | B62: Employee_61 | C62: Sales | D62: Manager | E62: Bangalore | F62: 2020-06-08 | G62: =TEXT(Table1_1[[#This Row],[Joining_Date]],"mmm") -> Jun | H62: =TEXT(Table1_1[[#This Row],[Joining_Date]],"yyyy") -> 2020 | I62: 45361 | J62: Exited | K62: =IF(Table1_1[[#This Row],[Status]]="Exited",1,0) -> 1 | L62: =IF(Table1_1[[#This Row],[Status]]="Exited",0,1) -> 0 | M62: 225574 | N62: 2.6 | O62: Manager B | P62: 97.8 | Q62: =IF(AND(N62>4,P62>=75),"High", IF(AND(N62>2,N62<=4,P62>40,P62<=74),"Average","Low")) -> Low | X62: 96.5
A63: EMP0062 | B63: Employee_62 | C63: IT | D63: Senior Executive | E63: Mumbai | F63: 2024-01-24 | G63: =TEXT(Table1_1[[#This Row],[Joining_Date]],"mmm") -> Jan | H63: =TEXT(Table1_1[[#This Row],[Joining_Date]],"yyyy") -> 2024 | I63: 45485 | J63: Exited | K63: =IF(Table1_1[[#This Row],[Status]]="Exited",1,0) -> 1 | L63: =IF(Table1_1[[#This Row],[Status]]="Exited",0,1) -> 0 | M63: 1115489 | N63: 2.7 | O63: Manager A | P63: 85.8 | Q63: =IF(AND(N63>4,P63>=75),"High", IF(AND(N63>2,N63<=4,P63>40,P63<=74),"Average","Low")) -> Low | X63: 78.3
A64: EMP0063 | B64: Employee_63 | C64: Finance | D64: Senior Executive | E64: Bangalore | F64: 2024-07-31 | G64: =TEXT(Table1_1[[#This Row],[Joining_Date]],"mmm") -> Jul | H64: =TEXT(Table1_1[[#This Row],[Joining_Date]],"yyyy") -> 2024 | J64: Active | K64: =IF(Table1_1[[#This Row],[Status]]="Exited",1,0) -> 0 | L64: =IF(Table1_1[[#This Row],[Status]]="Exited",0,1) -> 1 | M64: 769126 | N64: 4.7 | O64: Manager A | P64: 80.5 | Q64: =IF(AND(N64>4,P64>=75),"High", IF(AND(N64>2,N64<=4,P64>40,P64<=74),"Average","Low")) -> High | X64: 90
A65: EMP0064 | B65: Employee_64 | C65: Finance | D65: Senior Executive | E65: Nagpur | F65: 2024-07-04 | G65: =TEXT(Table1_1[[#This Row],[Joining_Date]],"mmm") -> Jul | H65: =TEXT(Table1_1[[#This Row],[Joining_Date]],"yyyy") -> 2024 | I65: 46668 | J65: Exited | K65: =IF(Table1_1[[#This Row],[Status]]="Exited",1,0) -> 1 | L65: =IF(Table1_1[[#This Row],[Status]]="Exited",0,1) -> 0 | M65: 855001 | N65: 2.3 | O65: Manager D | P65: 91.9 | Q65: =IF(AND(N65>4,P65>=75),"High", IF(AND(N65>2,N65<=4,P65>40,P65<=74),"Average","Low")) -> Low | X65: 84.7
A66: EMP0065 | B66: Employee_65 | C66: Finance | D66: Executive | E66: Bangalore | F66: 2023-05-11 | G66: =TEXT(Table1_1[[#This Row],[Joining_Date]],"mmm") -> May | H66: =TEXT(Table1_1[[#This Row],[Joining_Date]],"yyyy") -> 2023 | J66: Active | K66: =IF(Table1_1[[#This Row],[Status]]="Exited",1,0) -> 0 | L66: =IF(Table1_1[[#This Row],[Status]]="Exited",0,1) -> 1 | M66: 974789 | N66: 2.4 | O66: Manager A | P66: 82.2 | Q66: =IF(AND(N66>4,P66>=75),"High", IF(AND(N66>2,N66<=4,P66>40,P66<=74),"Average","Low")) -> Low | X66: 88.7
A67: EMP0066 | B67: Employee_66 | C67: Operations | D67: Manager | E67: Bangalore | F67: 2019-07-04 | G67: =TEXT(Table1_1[[#This Row],[Joining_Date]],"mmm") -> Jul | H67: =TEXT(Table1_1[[#This Row],[Joining_Date]],"yyyy") -> 2019 | J67: Active | K67: =IF(Table1_1[[#This Row],[Status]]="Exited",1,0) -> 0 | L67: =IF(Table1_1[[#This Row],[Status]]="Exited",0,1) -> 1 | M67: 881306 | N67: 3.4 | O67: Manager C | P67: 96.3 | Q67: =IF(AND(N67>4,P67>=75),"High", IF(AND(N67>2,N67<=4,P67>40,P67<=74),"Average","Low")) -> Low | X67: 99.7
A68: EMP0067 | B68: Employee_67 | C68: IT | D68: Manager | E68: Mumbai | F68: 2021-01-26 | G68: =TEXT(Table1_1[[#This Row],[Joining_Date]],"mmm") -> Jan | H68: =TEXT(Table1_1[[#This Row],[Joining_Date]],"yyyy") -> 2021 | J68: Active | K68: =IF(Table1_1[[#This Row],[Status]]="Exited",1,0) -> 0 | L68: =IF(Table1_1[[#This Row],[Status]]="Exited",0,1) -> 1 | M68: 988413 | N68: 2.8 | O68: Manager A | P68: 97.9 | Q68: =IF(AND(N68>4,P68>=75),"High", IF(AND(N68>2,N68<=4,P68>40,P68<=74),"Average","Low")) -> Low | X68: 99.8
A69: EMP0068 | B69: Employee_68 | C69: IT | D69: Executive | E69: Nagpur | F69: 2022-02-16 | G69: =TEXT(Table1_1[[#This Row],[Joining_Date]],"mmm") -> Feb | H69: =TEXT(Table1_1[[#This Row],[Joining_Date]],"yyyy") -> 2022 | J69: Active | K69: =IF(Table1_1[[#This Row],[Status]]="Exited",1,0) -> 0 | L69: =IF(Table1_1[[#This Row],[Status]]="Exited",0,1) -> 1 | M69: 637536 | N69: 3.1 | O69: Manager D | P69: 94.1 | Q69: =IF(AND(N69>4,P69>=75),"High", IF(AND(N69>2,N69<=4,P69>40,P69<=74),"Average","Low")) -> Low | X69: 79.2
A70: EMP0069 | B70: Employee_69 | C70: HR | D70: Manager | E70: Mumbai | F70: 2019-04-27 | G70: =TEXT(Table1_1[[#This Row],[Joining_Date]],"mmm") -> Apr | H70: =TEXT(Table1_1[[#This Row],[Joining_Date]],"yyyy") -> 2019 | I70: 43618 | J70: Exited | K70: =IF(Table1_1[[#This Row],[Status]]="Exited",1,0) -> 1 | L70: =IF(Table1_1[[#This Row],[Status]]="Exited",0,1) -> 0 | M70: 249513 | N70: 2.9 | O70: Manager B | P70: 97.8 | Q70: =IF(AND(N70>4,P70>=75),"High", IF(AND(N70>2,N70<=4,P70>40,P70<=74),"Average","Low")) -> Low | X70: 92.8
A71: EMP0070 | B71: Employee_70 | C71: HR | D71: Executive | E71: Nagpur | F71: 2018-02-27 | G71: =TEXT(Table1_1[[#This Row],[Joining_Date]],"mmm") -> Feb | H71: =TEXT(Table1_1[[#This Row],[Joining_Date]],"yyyy") -> 2018 | I71: 44381 | J71: Exited | K71: =IF(Table1_1[[#This Row],[Status]]="Exited",1,0) -> 1 | L71: =IF(Table1_1[[#This Row],[Status]]="Exited",0,1) -> 0 | M71: 468590 | N71: 2.7 | O71: Manager D | P71: 80.3 | Q71: =IF(AND(N71>4,P71>=75),"High", IF(AND(N71>2,N71<=4,P71>40,P71<=74),"Average","Low")) -> Low | X71: 90.1
A72: EMP0071 | B72: Employee_71 | C72: Operations | D72: Analyst | E72: Mumbai | F72: 2019-10-03 | G72: =TEXT(Table1_1[[#This Row],[Joining_Date]],"mmm") -> Oct | H72: =TEXT(Table1_1[[#This Row],[Joining_Date]],"yyyy") -> 2019 | J72: Active | K72: =IF(Table1_1[[#This Row],[Status]]="Exited",1,0) -> 0 | L72: =IF(Table1_1[[#This Row],[Status]]="Exited",0,1) -> 1 | M72: 795322 | N72: 4.6 | O72: Manager B | P72: 96.5 | Q72: =IF(AND(N72>4,P72>=75),"High", IF(AND(N72>2,N72<=4,P72>40,P72<=74),"Average","Low")) -> High | X72: 93.1
A73: EMP0072 | B73: Employee_72 | C73: Sales | D73: Manager | E73: Mumbai | F73: 2023-03-12 | G73: =TEXT(Table1_1[[#This Row],[Joining_Date]],"mmm") -> Mar | H73: =TEXT(Table1_1[[#This Row],[Joining_Date]],"yyyy") -> 2023 | I73: 46438 | J73: Exited | K73: =IF(Table1_1[[#This Row],[Status]]="Exited",1,0) -> 1 | L73: =IF(Table1_1[[#This Row],[Status]]="Exited",0,1) -> 0 | M73: 659311 | N73: 4.6 | O73: Manager D | P73: 78.3 | Q73: =IF(AND(N73>4,P73>=75),"High", IF(AND(N73>2,N73<=4,P73>40,P73<=74),"Average","Low")) -> High | X73: 78.7
A74: EMP0073 | B74: Employee_73 | C74: HR | D74: Senior Executive | E74: Pune | F74: 2019-10-18 | G74: =TEXT(Table1_1[[#This Row],[Joining_Date]],"mmm") -> Oct | H74: =TEXT(Table1_1[[#This Row],[Joining_Date]],"yyyy") -> 2019 | J74: Active | K74: =IF(Table1_1[[#This Row],[Status]]="Exited",1,0) -> 0 | L74: =IF(Table1_1[[#This Row],[Status]]="Exited",0,1) -> 1 | M74: 808711 | N74: 3.5 | O74: Manager C | P74: 90 | Q74: =IF(AND(N74>4,P74>=75),"High", IF(AND(N74>2,N74<=4,P74>40,P74<=74),"Average","Low")) -> Low | X74: 87.8
A75: EMP0074 | B75: Employee_74 | C75: Operations | D75: Executive | E75: Mumbai | F75: 2022-08-29 | G75: =TEXT(Table1_1[[#This Row],[Joining_Date]],"mmm") -> Aug | H75: =TEXT(Table1_1[[#This Row],[Joining_Date]],"yyyy") -> 2022 | J75: Active | K75: =IF(Table1_1[[#This Row],[Status]]="Exited",1,0) -> 0 | L75: =IF(Table1_1[[#This Row],[Status]]="Exited",0,1) -> 1 | M75: 606340 | N75: 2.5 | O75: Manager D | P75: 84.7 | Q75: =IF(AND(N75>4,P75>=75),"High", IF(AND(N75>2,N75<=4,P75>40,P75<=74),"Average","Low")) -> Low | X75: 99.9
A76: EMP0075 | B76: Employee_75 | C76: Sales | D76: Manager | E76: Nagpur | F76: 2019-06-17 | G76: =TEXT(Table1_1[[#This Row],[Joining_Date]],"mmm") -> Jun | H76: =TEXT(Table1_1[[#This Row],[Joining_Date]],"yyyy") -> 2019 | J76: Active | K76: =IF(Table1_1[[#This Row],[Status]]="Exited",1,0) -> 0 | L76: =IF(Table1_1[[#This Row],[Status]]="Exited",0,1) -> 1 | M76: 257309 | N76: 2.8 | O76: Manager D | P76: 88.7 | Q76: =IF(AND(N76>4,P76>=75),"High", IF(AND(N76>2,N76<=4,P76>40,P76<=74),"Average","Low")) -> Low | X76: 80.7
A77: EMP0076 | B77: Employee_76 | C77: IT | D77: Executive | E77: Nagpur | F77: 2021-05-15 | G77: =TEXT(Table1_1[[#This Row],[Joining_Date]],"mmm") -> May | H77: =TEXT(Table1_1[[#This Row],[Joining_Date]],"yyyy") -> 2021 | I77: 44401 | J77: Exited | K77: =IF(Table1_1[[#This Row],[Status]]="Exited",1,0) -> 1 | L77: =IF(Table1_1[[#This Row],[Status]]="Exited",0,1) -> 0 | M77: 1145797 | N77: 3.2 | O77: Manager D | P77: 98.7 | Q77: =IF(AND(N77>4,P77>=75),"High", IF(AND(N77>2,N77<=4,P77>40,P77<=74),"Average","Low")) -> Low | X77: 75.8
A78: EMP0077 | B78: Employee_77 | C78: HR | D78: Executive | E78: Bangalore | F78: 2021-06-14 | G78: =TEXT(Table1_1[[#This Row],[Joining_Date]],"mmm") -> Jun | H78: =TEXT(Table1_1[[#This Row],[Joining_Date]],"yyyy") -> 2021 | J78: Active | K78: =IF(Table1_1[[#This Row],[Status]]="Exited",1,0) -> 0 | L78: =IF(Table1_1[[#This Row],[Status]]="Exited",0,1) -> 1 | M78: 671830 | N78: 4.7 | O78: Manager A | P78: 99.7 | Q78: =IF(AND(N78>4,P78>=75),"High", IF(AND(N78>2,N78<=4,P78>40,P78<=74),"Average","Low")) -> High | X78: 77.1
A79: EMP0078 | B79: Employee_78 | C79: Sales | D79: Executive | E79: Bangalore | F79: 2019-08-14 | G79: =TEXT(Table1_1[[#This Row],[Joining_Date]],"mmm") -> Aug | H79: =TEXT(Table1_1[[#This Row],[Joining_Date]],"yyyy") -> 2019 | J79: Active | K79: =IF(Table1_1[[#This Row],[Status]]="Exited",1,0) -> 0 | L79: =IF(Table1_1[[#This Row],[Status]]="Exited",0,1) -> 1 | M79: 1182795 | N79: 4.4 | O79: Manager A | P79: 99.8 | Q79: =IF(AND(N79>4,P79>=75),"High", IF(AND(N79>2,N79<=4,P79>40,P79<=74),"Average","Low")) -> High | X79: 81.5
A80: EMP0079 | B80: Employee_79 | C80: Operations | D80: Manager | E80: Pune | F80: 2023-04-12 | G80: =TEXT(Table1_1[[#This Row],[Joining_Date]],"mmm") -> Apr | H80: =TEXT(Table1_1[[#This Row],[Joining_Date]],"yyyy") -> 2023 | J80: Active | K80: =IF(Table1_1[[#This Row],[Status]]="Exited",1,0) -> 0 | L80: =IF(Table1_1[[#This Row],[Status]]="Exited",0,1) -> 1 | M80: 1185916 | N80: 4.2 | O80: Manager C | P80: 79.2 | Q80: =IF(AND(N80>4,P80>=75),"High", IF(AND(N80>2,N80<=4,P80>40,P80<=74),"Average","Low")) -> High | X80: 88.9
A81: EMP0080 | B81: Employee_80 | C81: Finance | D81: Manager | E81: Mumbai | F81: 2021-05-30 | G81: =TEXT(Table1_1[[#This Row],[Joining_Date]],"mmm") -> May | H81: =TEXT(Table1_1[[#This Row],[Joining_Date]],"yyyy") -> 2021 | I81: 44653 | J81: Exited | K81: =IF(Table1_1[[#This Row],[Status]]="Exited",1,0) -> 1 | L81: =IF(Table1_1[[#This Row],[Status]]="Exited",0,1) -> 0 | M81: 738299 | N81: 3.6 | O81: Manager D | P81: 92.8 | Q81: =IF(AND(N81>4,P81>=75),"High", IF(AND(N81>2,N81<=4,P81>40,P81<=74),"Average","Low")) -> Low | X81: 98.5
A82: EMP0081 | B82: Employee_81 | C82: Finance | D82: Manager | E82: Bangalore | F82: 2022-02-09 | G82: =TEXT(Table1_1[[#This Row],[Joining_Date]],"mmm") -> Feb | H82: =TEXT(Table1_1[[#This Row],[Joining_Date]],"yyyy") -> 2022 | I82: 44664 | J82: Exited | K82: =IF(Table1_1[[#This Row],[Status]]="Exited",1,0) -> 1 | L82: =IF(Table1_1[[#This Row],[Status]]="Exited",0,1) -> 0 | M82: 747912 | N82: 2.3 | O82: Manager B | P82: 90.1 | Q82: =IF(AND(N82>4,P82>=75),"High", IF(AND(N82>2,N82<=4,P82>40,P82<=74),"Average","Low")) -> Low | X82: 78.6
A83: EMP0082 | B83: Employee_82 | C83: Finance | D83: Analyst | E83: Bangalore | F83: 2021-08-27 | G83: =TEXT(Table1_1[[#This Row],[Joining_Date]],"mmm") -> Aug | H83: =TEXT(Table1_1[[#This Row],[Joining_Date]],"yyyy") -> 2021 | I83: 44928 | J83: Exited | K83: =IF(Table1_1[[#This Row],[Status]]="Exited",1,0) -> 1 | L83: =IF(Table1_1[[#This Row],[Status]]="Exited",0,1) -> 0 | M83: 463449 | N83: 4.6 | O83: Manager C | P83: 93.1 | Q83: =IF(AND(N83>4,P83>=75),"High", IF(AND(N83>2,N83<=4,P83>40,P83<=74),"Average","Low")) -> High | X83: 87.9
A84: EMP0083 | B84: Employee_83 | C84: HR | D84: Manager | E84: Nagpur | F84: 2018-05-30 | G84: =TEXT(Table1_1[[#This Row],[Joining_Date]],"mmm") -> May | H84: =TEXT(Table1_1[[#This Row],[Joining_Date]],"yyyy") -> 2018 | J84: Active | K84: =IF(Table1_1[[#This Row],[Status]]="Exited",1,0) -> 0 | L84: =IF(Table1_1[[#This Row],[Status]]="Exited",0,1) -> 1 | M84: 795261 | N84: 4.3 | O84: Manager A | P84: 84.2 | Q84: =IF(AND(N84>4,P84>=75),"High", IF(AND(N84>2,N84<=4,P84>40,P84<=74),"Average","Low")) -> High | X84: 81.6
A85: EMP0084 | B85: Employee_84 | C85: HR | D85: Manager | E85: Mumbai | F85: 2023-07-04 | G85: =TEXT(Table1_1[[#This Row],[Joining_Date]],"mmm") -> Jul | H85: =TEXT(Table1_1[[#This Row],[Joining_Date]],"yyyy") -> 2023 | I85: 46377 | J85: Exited | K85: =IF(Table1_1[[#This Row],[Status]]="Exited",1,0) -> 1 | L85: =IF(Table1_1[[#This Row],[Status]]="Exited",0,1) -> 0 | M85: 571470 | N85: 3.4 | O85: Manager C | P85: 78.7 | Q85: =IF(AND(N85>4,P85>=75),"High", IF(AND(N85>2,N85<=4,P85>40,P85<=74),"Average","Low")) -> Low | X85: 80.4
A86: EMP0085 | B86: Employee_85 | C86: IT | D86: Executive | E86: Mumbai | F86: 2020-05-11 | G86: =TEXT(Table1_1[[#This Row],[Joining_Date]],"mmm") -> May | H86: =TEXT(Table1_1[[#This Row],[Joining_Date]],"yyyy") -> 2020 | J86: Active | K86: =IF(Table1_1[[#This Row],[Status]]="Exited",1,0) -> 0 | L86: =IF(Table1_1[[#This Row],[Status]]="Exited",0,1) -> 1 | M86: 779167 | N86: 3.9 | O86: Manager A | P86: 87.8 | Q86: =IF(AND(N86>4,P86>=75),"High", IF(AND(N86>2,N86<=4,P86>40,P86<=74),"Average","Low")) -> Low | X86: 81.4
A87: EMP0086 | B87: Employee_86 | C87: IT | D87: Senior Executive | E87: Mumbai | F87: 2023-11-21 | G87: =TEXT(Table1_1[[#This Row],[Joining_Date]],"mmm") -> Nov | H87: =TEXT(Table1_1[[#This Row],[Joining_Date]],"yyyy") -> 2023 | I87: 45756 | J87: Exited | K87: =IF(Table1_1[[#This Row],[Status]]="Exited",1,0) -> 1 | L87: =IF(Table1_1[[#This Row],[Status]]="Exited",0,1) -> 0 | M87: 784680 | N87: 4.5 | O87: Manager A | P87: 99.9 | Q87: =IF(AND(N87>4,P87>=75),"High", IF(AND(N87>2,N87<=4,P87>40,P87<=74),"Average","Low")) -> High | X87: 86
A88: EMP0087 | B88: Employee_87 | C88: Finance | D88: Analyst | E88: Mumbai | F88: 2023-08-24 | G88: =TEXT(Table1_1[[#This Row],[Joining_Date]],"mmm") -> Aug | H88: =TEXT(Table1_1[[#This Row],[Joining_Date]],"yyyy") -> 2023 | I88: 45747 | J88: Exited | K88: =IF(Table1_1[[#This Row],[Status]]="Exited",1,0) -> 1 | L88: =IF(Table1_1[[#This Row],[Status]]="Exited",0,1) -> 0 | M88: 883438 | N88: 2.7 | O88: Manager A | P88: 80.7 | Q88: =IF(AND(N88>4,P88>=75),"High", IF(AND(N88>2,N88<=4,P88>40,P88<=74),"Average","Low")) -> Low | X88: 84.9
A89: EMP0088 | B89: Employee_88 | C89: Finance | D89: Analyst | E89: Nagpur | F89: 2024-07-14 | G89: =TEXT(Table1_1[[#This Row],[Joining_Date]],"mmm") -> Jul | H89: =TEXT(Table1_1[[#This Row],[Joining_Date]],"yyyy") -> 2024 | I89: 45716 | J89: Exited | K89: =IF(Table1_1[[#This Row],[Status]]="Exited",1,0) -> 1 | L89: =IF(Table1_1[[#This Row],[Status]]="Exited",0,1) -> 0 | M89: 1087155 | N89: 4.2 | O89: Manager A | P89: 75.8 | Q89: =IF(AND(N89>4,P89>=75),"High", IF(AND(N89>2,N89<=4,P89>40,P89<=74),"Average","Low")) -> High | X89: 78.4
A90: EMP0089 | B90: Employee_89 | C90: Sales | D90: Analyst | E90: Mumbai | F90: 2024-09-21 | G90: =TEXT(Table1_1[[#This Row],[Joining_Date]],"mmm") -> Sep | H90: =TEXT(Table1_1[[#This Row],[Joining_Date]],"yyyy") -> 2024 | J90: Active | K90: =IF(Table1_1[[#This Row],[Status]]="Exited",1,0) -> 0 | L90: =IF(Table1_1[[#This Row],[Status]]="Exited",0,1) -> 1 | M90: 259947 | N90: 3.6 | O90: Manager D | P90: 77.1 | Q90: =IF(AND(N90>4,P90>=75),"High", IF(AND(N90>2,N90<=4,P90>40,P90<=74),"Average","Low")) -> Low | X90: 76.1
A91: EMP0090 | B91: Employee_90 | C91: Finance | D91: Senior Executive | E91: Nagpur | F91: 2018-01-31 | G91: =TEXT(Table1_1[[#This Row],[Joining_Date]],"mmm") -> Jan | H91: =TEXT(Table1_1[[#This Row],[Joining_Date]],"yyyy") -> 2018 | I91: 44153 | J91: Exited | K91: =IF(Table1_1[[#This Row],[Status]]="Exited",1,0) -> 1 | L91: =IF(Table1_1[[#This Row],[Status]]="Exited",0,1) -> 0 | M91: 1170208 | N91: 4.8 | O91: Manager D | P91: 81.5 | Q91: =IF(AND(N91>4,P91>=75),"High", IF(AND(N91>2,N91<=4,P91>40,P91<=74),"Average","Low")) -> High | X91: 80.9
A92: EMP0091 | B92: Employee_91 | C92: Sales | D92: Manager | E92: Mumbai | F92: 2021-07-30 | G92: =TEXT(Table1_1[[#This Row],[Joining_Date]],"mmm") -> Jul | H92: =TEXT(Table1_1[[#This Row],[Joining_Date]],"yyyy") -> 2021 | J92: Active | K92: =IF(Table1_1[[#This Row],[Status]]="Exited",1,0) -> 0 | L92: =IF(Table1_1[[#This Row],[Status]]="Exited",0,1) -> 1 | M92: 1164044 | N92: 3.2 | O92: Manager D | P92: 88.9 | Q92: =IF(AND(N92>4,P92>=75),"High", IF(AND(N92>2,N92<=4,P92>40,P92<=74),"Average","Low")) -> Low | X92: 80.8
A93: EMP0092 | B93: Employee_92 | C93: Finance | D93: Manager | E93: Mumbai | F93: 2019-07-06 | G93: =TEXT(Table1_1[[#This Row],[Joining_Date]],"mmm") -> Jul | H93: =TEXT(Table1_1[[#This Row],[Joining_Date]],"yyyy") -> 2019 | J93: Active | K93: =IF(Table1_1[[#This Row],[Status]]="Exited",1,0) -> 0 | L93: =IF(Table1_1[[#This Row],[Status]]="Exited",0,1) -> 1 | M93: 646270 | N93: 3.5 | O93: Manager B | P93: 98.5 | Q93: =IF(AND(N93>4,P93>=75),"High", IF(AND(N93>2,N93<=4,P93>40,P93<=74),"Average","Low")) -> Low | X93: 83.5
A94: EMP0093 | B94: Employee_93 | C94: IT | D94: Manager | E94: Bangalore | F94: 2018-09-13 | G94: =TEXT(Table1_1[[#This Row],[Joining_Date]],"mmm") -> Sep | H94: =TEXT(Table1_1[[#This Row],[Joining_Date]],"yyyy") -> 2018 | J94: Active | K94: =IF(Table1_1[[#This Row],[Status]]="Exited",1,0) -> 0 | L94: =IF(Table1_1[[#This Row],[Status]]="Exited",0,1) -> 1 | M94: 998482 | N94: 4.6 | O94: Manager D | P94: 78.6 | Q94: =IF(AND(N94>4,P94>=75),"High", IF(AND(N94>2,N94<=4,P94>40,P94<=74),"Average","Low")) -> High | X94: 81.8
A95: EMP0094 | B95: Employee_94 | C95: HR | D95: Manager | E95: Bangalore | F95: 2020-07-07 | G95: =TEXT(Table1_1[[#This Row],[Joining_Date]],"mmm") -> Jul | H95: =TEXT(Table1_1[[#This Row],[Joining_Date]],"yyyy") -> 2020 | J95: Active | K95: =IF(Table1_1[[#This Row],[Status]]="Exited",1,0) -> 0 | L95: =IF(Table1_1[[#This Row],[Status]]="Exited",0,1) -> 1 | M95: 403498 | N95: 2.3 | O95: Manager D | P95: 87.9 | Q95: =IF(AND(N95>4,P95>=75),"High", IF(AND(N95>2,N95<=4,P95>40,P95<=74),"Average","Low")) -> Low | X95: 79.5
A96: EMP0095 | B96: Employee_95 | C96: Sales | D96: Executive | E96: Mumbai | F96: 2021-03-27 | G96: =TEXT(Table1_1[[#This Row],[Joining_Date]],"mmm") -> Mar | H96: =TEXT(Table1_1[[#This Row],[Joining_Date]],"yyyy") -> 2021 | J96: Active | K96: =IF(Table1_1[[#This Row],[Status]]="Exited",1,0) -> 0 | L96: =IF(Table1_1[[#This Row],[Status]]="Exited",0,1) -> 1 | M96: 1193556 | N96: 2.6 | O96: Manager B | P96: 76.4 | Q96: =IF(AND(N96>4,P96>=75),"High", IF(AND(N96>2,N96<=4,P96>40,P96<=74),"Average","Low")) -> Low | X96: 93.8
A97: EMP0096 | B97: Employee_96 | C97: Sales | D97: Manager | E97: Bangalore | F97: 2022-06-28 | G97: =TEXT(Table1_1[[#This Row],[Joining_Date]],"mmm") -> Jun | H97: =TEXT(Table1_1[[#This Row],[Joining_Date]],"yyyy") -> 2022 | I97: 46159 | J97: Exited | K97: =IF(Table1_1[[#This Row],[Status]]="Exited",1,0) -> 1 | L97: =IF(Table1_1[[#This Row],[Status]]="Exited",0,1) -> 0 | M97: 851139 | N97: 2.5 | O97: Manager D | P97: 81.6 | Q97: =IF(AND(N97>4,P97>=75),"High", IF(AND(N97>2,N97<=4,P97>40,P97<=74),"Average","Low")) -> Low | X97: 98.2
A98: EMP0097 | B98: Employee_97 | C98: Sales | D98: Manager | E98: Nagpur | F98: 2019-06-15 | G98: =TEXT(Table1_1[[#This Row],[Joining_Date]],"mmm") -> Jun | H98: =TEXT(Table1_1[[#This Row],[Joining_Date]],"yyyy") -> 2019 | J98: Active | K98: =IF(Table1_1[[#This Row],[Status]]="Exited",1,0) -> 0 | L98: =IF(Table1_1[[#This Row],[Status]]="Exited",0,1) -> 1 | M98: 413952 | N98: 2.7 | O98: Manager D | P98: 80.4 | Q98: =IF(AND(N98>4,P98>=75),"High", IF(AND(N98>2,N98<=4,P98>40,P98<=74),"Average","Low")) -> Low | X98: 97.7
A99: EMP0098 | B99: Employee_98 | C99: HR | D99: Senior Executive | E99: Pune | F99: 2018-03-08 | G99: =TEXT(Table1_1[[#This Row],[Joining_Date]],"mmm") -> Mar | H99: =TEXT(Table1_1[[#This Row],[Joining_Date]],"yyyy") -> 2018 | I99: 44466 | J99: Exited | K99: =IF(Table1_1[[#This Row],[Status]]="Exited",1,0) -> 1 | L99: =IF(Table1_1[[#This Row],[Status]]="Exited",0,1) -> 0 | M99: 1096076 | N99: 2.2 | O99: Manager A | P99: 81.4 | Q99: =IF(AND(N99>4,P99>=75),"High", IF(AND(N99>2,N99<=4,P99>40,P99<=74),"Average","Low")) -> Low | X99: 76.9
A100: EMP0099 | B100: Employee_99 | C100: Finance | D100: Senior Executive | E100: Mumbai | F100: 2018-07-28 | G100: =TEXT(Table1_1[[#This Row],[Joining_Date]],"mmm") -> Jul | H100: =TEXT(Table1_1[[#This Row],[Joining_Date]],"yyyy") -> 2018 | I100: 43723 | J100: Exited | K100: =IF(Table1_1[[#This Row],[Status]]="Exited",1,0) -> 1 | L100: =IF(Table1_1[[#This Row],[Status]]="Exited",0,1) -> 0 | M100: 967386 | N100: 3.2 | O100: Manager C | P100: 84.2 | Q100: =IF(AND(N100>4,P100>=75),"High", IF(AND(N100>2,N100<=4,P100>40,P100<=74),"Average","Low")) -> Low | X100: 94.7
...
